Date,Date,Open,High,Low,Close
2014-02-24,0,720.0,720.0,720.0,720.0
2014-02-25,1,720.0,720.0,720.0,720.0
2014-02-27,2,720.0,720.0,720.0,720.0
2014-03-03,3,700.0,700.0,700.0,700.0
2014-03-04,4,700.0,700.0,700.0,700.0
2014-03-06,5,680.0,680.0,679.0,679.0
2014-03-07,6,679.0,679.0,679.0,679.0
2014-03-12,7,679.0,679.0,679.0,679.0
2014-03-18,8,670.0,670.0,670.0,670.0
2014-03-19,9,670.0,670.0,670.0,670.0
2014-03-20,10,670.0,670.0,670.0,670.0
2014-03-21,11,690.0,690.0,690.0,690.0
2014-03-24,12,690.0,690.0,690.0,690.0
2014-04-03,13,670.0,670.0,670.0,670.0
2014-04-07,14,670.0,670.0,670.0,670.0
2014-05-07,15,658.0,658.0,658.0,658.0
2014-05-08,16,658.0,658.0,658.0,658.0
2014-05-28,17,677.0,677.0,677.0,677.0
2014-05-29,18,740.0,740.0,740.0,740.0
2014-05-30,19,740.0,740.0,740.0,740.0
2014-07-02,20,666.0,666.0,666.0,666.0
2014-07-03,21,610.0,610.0,610.0,610.0
2014-07-07,22,610.0,610.0,610.0,610.0
2014-07-29,23,551.0,567.0,551.0,567.0
2014-07-30,24,567.0,567.0,567.0,567.0
2014-08-07,25,573.0,573.0,573.0,573.0
2014-08-08,26,573.0,573.0,573.0,573.0
2014-08-15,27,630.0,630.0,630.0,630.0
2014-08-18,28,612.0,612.0,612.0,612.0
2014-08-19,29,612.0,612.0,612.0,612.0
2014-08-21,30,630.0,630.0,610.0,620.0
2014-08-22,31,620.0,620.0,620.0,620.0
2014-09-05,32,606.0,606.0,606.0,606.0
2014-09-08,33,606.0,606.0,606.0,606.0
2014-09-10,34,666.0,666.0,666.0,666.0
2014-09-11,35,685.0,690.0,685.0,690.0
2014-09-17,36,650.0,650.0,650.0,650.0
2014-09-18,37,650.0,650.0,650.0,650.0
2014-09-19,38,650.0,650.0,650.0,650.0
2014-09-23,39,611.0,611.0,611.0,611.0
2014-09-24,40,611.0,611.0,611.0,611.0
2014-09-26,41,600.0,600.0,600.0,600.0
2014-09-29,42,600.0,600.0,600.0,600.0
2014-09-30,43,639.0,639.0,639.0,639.0
2014-10-01,44,639.0,639.0,639.0,639.0
2014-10-02,45,612.0,612.0,612.0,612.0
2014-10-03,46,600.0,600.0,600.0,600.0
2014-10-07,47,618.0,618.0,600.0,600.0
2014-10-09,48,617.0,617.0,617.0,617.0
2014-10-10,49,617.0,617.0,617.0,617.0
2014-10-13,50,630.0,630.0,630.0,630.0
2014-10-14,51,630.0,630.0,630.0,630.0
2014-10-27,52,630.0,630.0,600.0,600.0
2014-10-30,53,595.0,595.0,595.0,595.0
2014-10-31,54,595.0,600.0,595.0,600.0
2014-11-03,55,633.0,650.0,633.0,650.0
2014-11-04,56,650.0,650.0,650.0,650.0
2014-11-05,57,699.0,699.0,699.0,699.0
2014-11-06,58,699.0,699.0,699.0,699.0
2014-11-12,59,700.0,719.0,700.0,719.0
2014-11-13,60,750.0,750.0,750.0,750.0
2014-11-14,61,693.0,772.0,693.0,772.0
2014-11-17,62,768.0,768.0,768.0,768.0
2014-11-18,63,768.0,768.0,768.0,768.0
2014-11-20,64,711.0,730.0,710.0,710.0
2014-11-21,65,767.0,767.0,767.0,767.0
2014-11-24,66,750.0,840.0,750.0,840.0
2014-11-25,67,837.0,837.0,837.0,837.0
2014-11-26,68,837.0,837.0,837.0,837.0
2014-12-04,69,753.0,753.0,753.0,753.0
2014-12-05,70,750.0,750.0,750.0,750.0
2014-12-08,71,750.0,750.0,750.0,750.0
2014-12-11,72,750.0,790.0,750.0,790.0
2014-12-12,73,790.0,790.0,790.0,790.0
2014-12-16,74,690.0,690.0,690.0,690.0
2014-12-29,75,749.0,749.0,749.0,749.0
2014-12-30,76,749.0,749.0,749.0,749.0
2015-01-20,77,676.0,676.0,676.0,676.0
2015-01-21,78,676.0,676.0,676.0,676.0
2015-01-22,79,696.0,696.0,696.0,696.0
2015-01-23,80,676.0,676.0,676.0,676.0
2015-02-11,81,656.0,656.0,656.0,656.0
2015-02-12,82,656.0,656.0,656.0,656.0
2015-02-17,83,637.0,637.0,637.0,637.0
2015-02-18,84,637.0,637.0,637.0,637.0
2015-02-24,85,620.0,620.0,620.0,620.0
2015-03-03,86,602.0,602.0,602.0,602.0
2015-03-04,87,620.0,620.0,620.0,620.0
2015-03-05,88,620.0,620.0,620.0,620.0
2015-03-11,89,601.0,601.0,601.0,601.0
2015-03-12,90,619.0,619.0,619.0,619.0
2015-03-13,91,619.0,619.0,619.0,619.0
2015-03-17,92,630.0,630.0,630.0,630.0
2015-03-18,93,636.0,636.0,636.0,636.0
2015-03-19,94,636.0,636.0,636.0,636.0
2015-03-23,95,655.0,655.0,655.0,655.0
2015-03-24,96,655.0,655.0,655.0,655.0
2015-03-25,97,602.0,602.0,602.0,602.0
2015-03-26,98,602.0,602.0,602.0,602.0
2015-03-30,99,610.0,610.0,610.0,610.0
2015-04-02,100,601.0,601.0,601.0,601.0
2015-04-06,101,590.0,590.0,590.0,590.0
2015-04-07,102,590.0,590.0,590.0,590.0
2015-04-08,103,600.0,600.0,600.0,600.0
2015-04-09,104,600.0,600.0,600.0,600.0
2015-04-21,105,600.0,600.0,600.0,600.0
2015-04-22,106,599.0,599.0,599.0,599.0
2015-04-23,107,599.0,599.0,599.0,599.0
2015-04-24,108,599.0,599.0,599.0,599.0
2015-04-29,109,580.0,580.0,580.0,580.0
2015-04-30,110,580.0,580.0,580.0,580.0
2015-05-05,111,570.0,570.0,570.0,570.0
2015-05-06,112,570.0,570.0,570.0,570.0
2015-05-08,113,554.0,554.0,554.0,554.0
2015-05-11,114,554.0,554.0,554.0,554.0
2015-05-13,115,600.0,600.0,600.0,600.0
2015-05-18,116,600.0,600.0,600.0,600.0
2015-05-28,117,561.0,561.0,561.0,561.0
2015-05-29,118,561.0,561.0,561.0,561.0
2015-06-01,119,561.0,561.0,561.0,561.0
2015-06-10,120,581.0,581.0,581.0,581.0
2015-06-11,121,581.0,581.0,581.0,581.0
2015-06-12,122,560.0,560.0,560.0,560.0
2015-06-15,123,560.0,560.0,560.0,560.0
2015-06-19,124,581.0,581.0,581.0,581.0
2015-07-02,125,600.0,600.0,600.0,600.0
2015-07-20,126,600.0,600.0,600.0,600.0
2015-07-22,127,600.0,600.0,600.0,600.0
2015-07-24,128,618.0,618.0,600.0,600.0
2015-08-12,129,615.0,615.0,615.0,615.0
2015-08-13,130,629.0,629.0,629.0,629.0
2015-08-14,131,629.0,629.0,629.0,629.0
2015-08-17,132,629.0,629.0,629.0,629.0
2015-08-18,133,630.0,630.0,630.0,630.0
2015-09-10,134,600.0,600.0,600.0,600.0
2015-09-14,135,570.0,570.0,570.0,570.0
2015-09-17,136,556.0,556.0,555.0,555.0
2015-09-18,137,555.0,555.0,555.0,555.0
2015-09-21,138,610.0,610.0,610.0,610.0
2015-11-03,139,592.0,592.0,592.0,592.0
2015-11-04,140,592.0,592.0,592.0,592.0
2015-11-05,141,583.0,583.0,583.0,583.0
2015-11-06,142,583.0,583.0,583.0,583.0
2015-11-09,143,585.0,585.0,580.0,580.0
2015-11-12,144,570.0,570.0,570.0,570.0
2015-11-18,145,580.0,580.0,580.0,580.0
2015-11-19,146,580.0,580.0,580.0,580.0
2015-12-01,147,570.0,570.0,570.0,570.0
2015-12-10,148,550.0,550.0,550.0,550.0
2015-12-11,149,550.0,550.0,550.0,550.0
2015-12-14,150,565.0,565.0,565.0,565.0
2015-12-15,151,565.0,565.0,565.0,565.0
2015-12-23,152,581.0,581.0,581.0,581.0
2016-01-04,153,600.0,600.0,600.0,600.0
2016-01-05,154,600.0,600.0,600.0,600.0
2016-01-15,155,615.0,615.0,615.0,615.0
2016-01-19,156,615.0,615.0,615.0,615.0
2016-01-29,157,600.0,600.0,600.0,600.0
2016-02-10,158,585.0,585.0,585.0,585.0
2016-02-11,159,585.0,585.0,585.0,585.0
2016-02-12,160,585.0,585.0,585.0,585.0
2016-02-18,161,586.0,586.0,586.0,586.0
2016-02-19,162,586.0,586.0,586.0,586.0
2016-02-25,163,585.0,585.0,585.0,585.0
2016-02-29,164,600.0,600.0,600.0,600.0
2016-03-02,165,615.0,615.0,615.0,615.0
2016-03-07,166,629.0,629.0,629.0,629.0
2016-04-12,167,611.0,611.0,611.0,611.0
2016-04-15,168,611.0,611.0,611.0,611.0
2016-05-10,169,595.0,595.0,595.0,595.0
2016-05-11,170,595.0,595.0,595.0,595.0
2016-05-13,171,596.0,596.0,596.0,596.0
2016-05-16,172,596.0,596.0,596.0,596.0
2016-05-17,173,596.0,596.0,596.0,596.0
2016-05-18,174,596.0,596.0,596.0,596.0
2016-06-10,175,579.0,579.0,579.0,579.0
2016-06-13,176,579.0,579.0,579.0,579.0
2016-06-15,177,562.0,562.0,562.0,562.0
2016-06-16,178,562.0,562.0,562.0,562.0
2016-06-23,179,561.0,561.0,561.0,561.0
2016-07-14,180,613.0,613.0,613.0,613.0
2016-07-15,181,602.0,602.0,602.0,602.0
2016-07-19,182,620.0,620.0,620.0,620.0
2016-08-10,183,619.0,619.0,619.0,619.0
2016-08-11,184,620.0,620.0,620.0,620.0
2016-08-12,185,615.0,615.0,615.0,615.0
2016-08-15,186,630.0,630.0,630.0,630.0
2016-08-16,187,638.0,638.0,638.0,638.0
2016-08-17,188,638.0,638.0,638.0,638.0
2016-08-18,189,638.0,638.0,638.0,638.0
2016-08-19,190,657.0,657.0,657.0,657.0
2016-08-22,191,657.0,657.0,657.0,657.0
2016-08-23,192,675.0,675.0,675.0,675.0
2016-08-24,193,675.0,675.0,675.0,675.0
2016-08-31,194,701.0,701.0,701.0,701.0
2016-09-01,195,764.0,764.0,764.0,764.0
2016-09-02,196,762.0,762.0,762.0,762.0
2016-09-06,197,762.0,762.0,762.0,762.0
2016-09-13,198,700.0,700.0,700.0,700.0
2016-09-14,199,717.0,717.0,717.0,717.0
2016-09-15,200,717.0,717.0,717.0,717.0
2016-09-22,201,700.0,700.0,660.0,660.0
2016-09-23,202,660.0,660.0,660.0,660.0
2016-09-26,203,670.0,670.0,670.0,670.0
2016-09-30,204,710.0,710.0,710.0,710.0
2016-10-03,205,720.0,720.0,720.0,720.0
2016-10-04,206,720.0,720.0,720.0,720.0
2016-10-06,207,720.0,730.0,720.0,730.0
2016-10-07,208,730.0,730.0,730.0,730.0
2016-10-17,209,748.0,748.0,748.0,748.0
2016-10-18,210,769.0,769.0,769.0,769.0
2016-10-19,211,769.0,770.0,769.0,770.0
2016-10-20,212,790.0,790.0,790.0,790.0
2016-10-27,213,789.0,790.0,789.0,790.0
2016-10-31,214,813.0,813.0,813.0,813.0
2016-11-01,215,813.0,813.0,813.0,813.0
2016-11-02,216,837.0,837.0,837.0,837.0
2016-11-04,217,837.0,837.0,837.0,837.0
2016-11-11,218,862.0,862.0,862.0,862.0
2016-11-14,219,862.0,862.0,862.0,862.0
2016-11-15,220,948.0,948.0,948.0,948.0
2016-11-16,221,1042.0,1042.0,1042.0,1042.0
2016-11-17,222,1042.0,1042.0,1041.0,1042.0
2016-11-18,223,1042.0,1073.0,1042.0,1042.0
2016-11-21,224,1042.0,1042.0,1042.0,1042.0
2016-11-25,225,1041.0,1041.0,1041.0,1041.0
2016-11-28,226,937.0,937.0,937.0,937.0
2016-11-29,227,937.0,937.0,937.0,937.0
2016-11-30,228,937.0,937.0,937.0,937.0
2016-12-01,229,933.0,933.0,933.0,933.0
2016-12-02,230,909.0,909.0,909.0,909.0
2016-12-05,231,909.0,909.0,909.0,909.0
2016-12-07,232,882.0,882.0,882.0,882.0
2016-12-08,233,882.0,882.0,882.0,882.0
2016-12-19,234,870.0,870.0,870.0,870.0
2016-12-20,235,870.0,870.0,870.0,870.0
2016-12-22,236,905.0,905.0,905.0,905.0
2016-12-23,237,903.0,908.0,903.0,908.0
2016-12-27,238,908.0,908.0,908.0,908.0
2017-01-09,239,900.0,900.0,900.0,900.0
2017-01-10,240,900.0,904.0,900.0,904.0
2017-01-11,241,904.0,904.0,904.0,904.0
2017-01-12,242,904.0,904.0,904.0,904.0
2017-01-13,243,994.0,994.0,994.0,994.0
2017-01-17,244,1040.0,1040.0,1040.0,1040.0
2017-01-18,245,1070.0,1070.0,1070.0,1070.0
2017-01-19,246,1070.0,1070.0,1070.0,1070.0
2017-01-23,247,1040.0,1040.0,1040.0,1040.0
2017-01-24,248,1040.0,1040.0,1040.0,1040.0
2017-01-25,249,1040.0,1040.0,1040.0,1040.0
2017-01-26,250,1070.0,1070.0,1070.0,1070.0
2017-01-27,251,1097.0,1101.0,1097.0,1101.0
2017-01-30,252,1101.0,1101.0,1101.0,1101.0
2017-01-31,253,1115.0,1201.0,1115.0,1201.0
2017-02-01,254,1201.0,1201.0,1201.0,1201.0
2017-02-03,255,1285.0,1285.0,1285.0,1285.0
2017-02-06,256,1285.0,1285.0,1285.0,1285.0
2017-02-08,257,1323.0,1323.0,1323.0,1323.0
2017-02-09,258,1284.0,1284.0,1284.0,1284.0
2017-02-10,259,1284.0,1284.0,1284.0,1284.0
2017-02-16,260,1246.0,1246.0,1246.0,1246.0
2017-02-17,261,1246.0,1246.0,1246.0,1246.0
2017-02-21,262,1195.0,1195.0,1195.0,1195.0
2017-03-01,263,1311.0,1311.0,1300.0,1311.0
2017-03-02,264,1301.0,1301.0,1301.0,1301.0
2017-03-03,265,1301.0,1301.0,1301.0,1301.0
2017-03-06,266,1301.0,1301.0,1301.0,1301.0
2017-03-08,267,1340.0,1340.0,1335.0,1335.0
2017-03-09,268,1335.0,1335.0,1335.0,1335.0
2017-03-17,269,1220.0,1220.0,1220.0,1220.0
2017-03-20,270,1220.0,1220.0,1220.0,1220.0
2017-03-22,271,1210.0,1210.0,1210.0,1210.0
2017-03-23,272,1200.0,1200.0,1200.0,1200.0
2017-03-24,273,1200.0,1200.0,1200.0,1200.0
2017-04-10,274,1080.0,1081.0,1080.0,1081.0
2017-04-11,275,1100.0,1100.0,1080.0,1080.0
2017-04-12,276,1026.0,1026.0,1026.0,1026.0
2017-04-13,277,1026.0,1026.0,1026.0,1026.0
2017-04-18,278,1080.0,1080.0,1080.0,1080.0
2017-04-19,279,1080.0,1080.0,1080.0,1080.0
2017-05-02,280,972.0,972.0,972.0,972.0
2017-05-03,281,972.0,972.0,972.0,972.0
2017-05-04,282,972.0,972.0,972.0,972.0
2017-05-05,283,1069.0,1069.0,1069.0,1069.0
2017-05-08,284,1040.0,1100.0,1040.0,1100.0
2017-05-09,285,1100.0,1100.0,1100.0,1100.0
2017-05-11,286,1184.0,1184.0,1184.0,1184.0
2017-05-12,287,1196.0,1219.0,1190.0,1190.0
2017-05-15,288,1200.0,1200.0,1200.0,1200.0
2017-05-18,289,1320.0,1320.0,1320.0,1200.0
2017-05-22,290,1359.0,1359.0,1359.0,1359.0
2017-05-23,291,1359.0,1359.0,1359.0,1359.0
2017-05-25,292,1319.0,1319.0,1319.0,1319.0
2017-05-26,293,1345.0,1351.0,1345.0,1350.0
2017-05-30,294,1460.0,1503.0,1460.0,1503.0
2017-05-31,295,1564.0,1564.0,1550.0,1550.0
2017-06-02,296,1550.0,1550.0,1550.0,1550.0
2017-06-05,297,1599.0,1600.0,1599.0,1600.0
2017-06-06,298,1599.0,1599.0,1599.0,1599.0
2017-06-07,299,1646.0,1646.0,1646.0,1646.0
2017-06-08,300,1710.0,1710.0,1710.0,1710.0
2017-06-09,301,1760.0,1760.0,1760.0,1760.0
2017-06-12,302,1760.0,1760.0,1760.0,1760.0
2017-06-15,303,1761.0,1761.0,1760.0,1760.0
2017-06-16,304,1761.0,1761.0,1761.0,1761.0
2017-06-20,305,1760.0,1760.0,1760.0,1760.0
2017-06-21,306,1800.0,1800.0,1800.0,1800.0
2017-06-22,307,1800.0,1800.0,1800.0,1800.0
2017-06-23,308,1800.0,1800.0,1800.0,1800.0
2017-06-26,309,1800.0,1800.0,1800.0,1800.0
2017-06-27,310,1930.0,1930.0,1930.0,1930.0
2017-06-28,311,1930.0,1930.0,1930.0,1930.0
2017-06-29,312,1950.0,1980.0,1950.0,1980.0
2017-06-30,313,1980.0,1980.0,1980.0,1980.0
2017-07-03,314,1979.0,1980.0,1979.0,1980.0
2017-07-05,315,1921.0,1921.0,1921.0,1980.0
2017-07-06,316,1975.0,1975.0,1975.0,1975.0
2017-07-07,317,1930.0,1940.0,1930.0,1940.0
2017-07-10,318,1980.0,1985.0,1980.0,1985.0
2017-07-12,319,1950.0,1990.0,1950.0,1990.0
2017-07-13,320,2000.0,2100.0,2000.0,2100.0
2017-07-14,321,2200.0,2200.0,2150.0,2200.0
2017-07-17,322,2200.0,2248.0,2200.0,2220.0
2017-07-18,323,2220.0,2220.0,2220.0,2220.0
2017-07-19,324,2220.0,2220.0,2220.0,2220.0
2017-07-20,325,2200.0,2220.0,2200.0,2220.0
2017-07-24,326,2220.0,2220.0,2220.0,2220.0
2017-07-25,327,2299.0,2300.0,2299.0,2300.0
2017-07-26,328,2100.0,2100.0,2100.0,2100.0
2017-07-27,329,2163.0,2250.0,2163.0,2250.0
2017-07-28,330,2250.0,2250.0,2250.0,2250.0
2017-08-01,331,2200.0,2200.0,2199.0,2199.0
2017-08-02,332,2199.0,2199.0,2199.0,2199.0
2017-08-04,333,2134.0,2134.0,2134.0,2134.0
2017-08-07,334,2100.0,2134.0,2100.0,2134.0
2017-08-08,335,2134.0,2134.0,2134.0,2134.0
2017-08-09,336,2134.0,2134.0,2134.0,2134.0
2017-08-10,337,2198.0,2198.0,2198.0,2198.0
2017-08-11,338,2198.0,2198.0,2198.0,2198.0
2017-08-15,339,2200.0,2200.0,2199.0,2200.0
2017-08-16,340,2200.0,2200.0,2200.0,2200.0
2017-08-23,341,2134.0,2198.0,2134.0,2200.0
2017-08-24,342,2100.0,2100.0,2100.0,2100.0
2017-08-25,343,2100.0,2100.0,2100.0,2100.0
2017-08-29,344,2100.0,2100.0,2100.0,2100.0
2017-08-31,345,2100.0,2100.0,2100.0,2100.0
2017-09-01,346,2095.0,2095.0,2095.0,2095.0
2017-09-05,347,2095.0,2095.0,2095.0,2095.0
2017-09-06,348,2093.0,2093.0,2093.0,2095.0
2017-09-07,349,2093.0,2093.0,2093.0,2093.0
2017-09-08,350,2093.0,2093.0,2093.0,2093.0
2017-09-11,351,2000.0,2000.0,2000.0,2001.0
2017-09-12,352,2000.0,2000.0,2000.0,2000.0
2017-09-13,353,2000.0,2000.0,2000.0,2000.0
2017-09-19,354,2000.0,2000.0,2000.0,2000.0
2017-09-20,355,1940.0,1940.0,1940.0,1940.0
2017-09-21,356,1998.0,1998.0,1998.0,1998.0
2017-09-22,357,1998.0,1998.0,1998.0,1998.0
2017-10-13,358,2000.0,2000.0,2000.0,1998.0
2017-10-18,359,1901.0,1901.0,1900.0,1940.0
2017-10-19,360,1940.0,1940.0,1940.0,1940.0
2017-10-25,361,1900.0,1900.0,1900.0,1900.0
2017-10-26,362,1900.0,1900.0,1900.0,1900.0
2017-10-27,363,1900.0,1900.0,1900.0,1900.0
2017-11-01,364,1900.0,1900.0,1900.0,1900.0
2017-11-14,365,1899.0,1900.0,1899.0,1900.0
2017-11-16,366,2000.0,2000.0,1871.0,1900.0
2017-11-20,367,1905.0,1905.0,1905.0,1905.0
2017-11-21,368,1905.0,1905.0,1905.0,1905.0
2017-11-22,369,1905.0,1905.0,1905.0,1905.0
2017-11-27,370,1900.0,1900.0,1900.0,1900.0
2017-11-30,371,1851.0,1851.0,1851.0,1851.0
2017-12-01,372,1900.0,1900.0,1900.0,1900.0
2017-12-04,373,1900.0,1900.0,1900.0,1900.0
2017-12-05,374,1998.0,1998.0,1899.0,1900.0
2017-12-06,375,1899.0,1899.0,1899.0,1899.0
2017-12-07,376,1899.0,1900.0,1899.0,1900.0
2017-12-12,377,1900.0,1900.0,1900.0,1900.0
2017-12-13,378,1857.0,1857.0,1857.0,1857.0
2017-12-14,379,1880.0,1899.0,1880.0,1899.0
2017-12-15,380,1870.0,1870.0,1870.0,1870.0
2017-12-18,381,1870.0,1870.0,1870.0,1870.0
2017-12-19,382,1870.0,1870.0,1870.0,1870.0
2017-12-20,383,1900.0,1900.0,1900.0,1900.0
2017-12-22,384,1900.0,1900.0,1900.0,1900.0
2017-12-27,385,1900.0,1900.0,1900.0,1900.0
2017-12-28,386,1900.0,1900.0,1900.0,1900.0
2018-01-03,387,1900.0,1900.0,1900.0,1900.0
2018-01-04,388,1900.0,1900.0,1900.0,1900.0
2018-01-09,389,1900.0,1900.0,1900.0,1900.0
2018-01-10,390,1900.0,1901.0,1900.0,1900.0
2018-01-12,391,2000.0,2000.0,2000.0,2000.0
2018-01-16,392,1953.0,1953.0,1953.0,1953.0
2018-01-17,393,1999.0,2000.0,1999.0,2000.0
2018-01-23,394,1999.0,2000.0,1999.0,2000.0
2018-01-25,395,2000.0,2000.0,2000.0,2000.0
2018-01-26,396,2050.0,2050.0,1999.0,2000.0
2018-01-29,397,2010.0,2010.0,2000.0,2000.0
2018-01-30,398,2000.0,2000.0,2000.0,2000.0
2018-01-31,399,2000.0,2010.0,2000.0,2010.0
2018-02-01,400,2010.0,2011.0,2010.0,2010.0
2018-02-02,401,2050.0,2051.0,2049.0,2050.0
2018-02-05,402,2050.0,2110.0,2050.0,2110.0
2018-02-06,403,2110.0,2110.0,2110.0,2110.0
2018-02-07,404,2050.0,2050.0,2050.0,2050.0
2018-02-09,405,2050.0,2050.0,2050.0,2050.0
2018-02-12,406,2050.0,2050.0,2049.0,2050.0
2018-02-13,407,2050.0,2050.0,2050.0,2050.0
2018-02-14,408,2050.0,2050.0,2050.0,2050.0
2018-02-15,409,2050.0,2050.0,2050.0,2050.0
2018-02-20,410,2050.0,2050.0,2050.0,2050.0
2018-02-21,411,2050.0,2050.0,2050.0,2050.0
2018-02-22,412,2050.0,2050.0,2050.0,2050.0
2018-02-23,413,2050.0,2050.0,2050.0,2050.0
2018-02-27,414,2003.0,2003.0,2003.0,2003.0
2018-02-28,415,2050.0,2050.0,2050.0,2050.0
2018-03-02,416,2050.0,2050.0,2050.0,2050.0
2018-03-05,417,2050.0,2050.0,2010.0,2010.0
2018-03-06,418,2050.0,2051.0,2050.0,2051.0
2018-03-07,419,2230.0,2230.0,2230.0,2230.0
2018-03-08,420,2200.0,2200.0,2200.0,2200.0
2018-03-09,421,2199.0,2199.0,2199.0,2199.0
2018-03-14,422,2199.0,2200.0,2196.0,2200.0
2018-03-15,423,2136.0,2136.0,2136.0,2136.0
2018-03-16,424,2198.0,2198.0,2198.0,2198.0
2018-03-19,425,2136.0,2136.0,2136.0,2136.0
2018-03-20,426,2136.0,2136.0,2136.0,2136.0
2018-03-21,427,2081.0,2081.0,2081.0,2081.0
2018-03-22,428,2052.0,2052.0,2049.0,2050.0
2018-03-23,429,2050.0,2050.0,2050.0,2050.0
2018-03-28,430,2000.0,2000.0,2000.0,2000.0
2018-04-02,431,2050.0,2050.0,2049.0,2049.0
2018-04-03,432,2000.0,2000.0,2000.0,2000.0
2018-04-04,433,2000.0,2000.0,2000.0,2000.0
2018-04-05,434,2050.0,2050.0,2000.0,2050.0
2018-04-10,435,2040.0,2050.0,2040.0,2050.0
2018-04-11,436,2050.0,2050.0,2000.0,2010.0
2018-04-12,437,2045.0,2045.0,2045.0,2045.0
2018-04-13,438,2000.0,2000.0,2000.0,2000.0
2018-04-16,439,2000.0,2000.0,2000.0,2000.0
2018-04-17,440,2000.0,2000.0,2000.0,2000.0
2018-04-23,441,2046.0,2059.0,2046.0,2059.0
2018-04-24,442,2060.0,2111.0,2060.0,2111.0
2018-04-25,443,2099.0,2100.0,2099.0,2100.0
2018-04-26,444,2100.0,2100.0,2100.0,2100.0
2018-04-27,445,2158.0,2160.0,2158.0,2160.0
2018-04-30,446,2189.0,2200.0,2189.0,2200.0
2018-05-02,447,2201.0,2201.0,2200.0,2201.0
2018-05-03,448,2201.0,2203.0,2201.0,2201.0
2018-05-04,449,2201.0,2201.0,2201.0,2201.0
2018-05-07,450,2201.0,2201.0,2201.0,2201.0
2018-05-08,451,2250.0,2265.0,2250.0,2265.0
2018-05-09,452,2265.0,2265.0,2265.0,2265.0
2018-05-11,453,2201.0,2201.0,2201.0,2201.0
2018-05-14,454,2267.0,2267.0,2267.0,2267.0
2018-05-15,455,2335.0,2367.0,2335.0,2367.0
2018-05-16,456,2350.0,2366.0,2350.0,2366.0
2018-05-17,457,2360.0,2360.0,2360.0,2360.0
2018-05-18,458,2400.0,2430.0,2400.0,2420.0
2018-05-21,459,2420.0,2420.0,2420.0,2420.0
2018-05-22,460,2361.0,2361.0,2361.0,2361.0
2018-05-23,461,2360.0,2360.0,2360.0,2360.0
2018-05-24,462,2360.0,2360.0,2360.0,2360.0
2018-05-29,463,2300.0,2300.0,2299.0,2300.0
2018-05-30,464,2250.0,2250.0,2250.0,2250.0
2018-05-31,465,2300.0,2300.0,2300.0,2300.0
2018-06-01,466,2317.0,2369.0,2317.0,2369.0
2018-06-04,467,2350.0,2353.0,2350.0,2350.0
2018-06-05,468,2360.0,2360.0,2360.0,2360.0
2018-06-06,469,2400.0,2400.0,2398.0,2400.0
2018-06-07,470,2470.0,2470.0,2400.0,2400.0
2018-06-08,471,2470.0,2470.0,2470.0,2470.0
2018-06-11,472,2470.0,2470.0,2470.0,2470.0
2018-06-12,473,2449.0,2468.0,2449.0,2468.0
2018-06-13,474,2500.0,2500.0,2500.0,2500.0
2018-06-14,475,2500.0,2500.0,2500.0,2500.0
2018-06-15,476,2500.0,2500.0,2500.0,2500.0
2018-06-18,477,2525.0,2550.0,2525.0,2550.0
2018-06-19,478,2550.0,2590.0,2549.0,2590.0
2018-06-20,479,2600.0,2600.0,2590.0,2590.0
2018-06-21,480,2513.0,2513.0,2400.0,2400.0
2018-06-22,481,2600.0,2650.0,2600.0,2650.0
2018-06-25,482,2650.0,2650.0,2649.0,2650.0
2018-06-26,483,2600.0,2600.0,2510.0,2510.0
2018-06-27,484,2478.0,2478.0,2400.0,2400.0
2018-06-28,485,2450.0,2482.0,2450.0,2482.0
2018-06-29,486,2550.0,2550.0,2500.0,2500.0
2018-07-02,487,2500.0,2500.0,2500.0,2500.0
2018-07-03,488,2500.0,2500.0,2500.0,2500.0
2018-07-05,489,2450.0,2450.0,2450.0,2450.0
2018-07-06,490,2450.0,2450.0,2450.0,2450.0
2018-07-09,491,2451.0,2451.0,2450.0,2450.0
2018-07-10,492,2410.0,2410.0,2410.0,2410.0
2018-07-11,493,2445.0,2445.0,2445.0,2445.0
2018-07-12,494,2449.0,2449.0,2400.0,2400.0
2018-07-13,495,2400.0,2400.0,2400.0,2400.0
2018-07-16,496,2400.0,2400.0,2400.0,2400.0
2018-07-17,497,2460.0,2355.0,2352.0,2352.0
2018-07-18,498,2400.0,2400.0,2400.0,2400.0
2018-07-19,499,2425.0,2425.0,2425.0,2425.0
2018-07-20,500,2424.0,2425.0,2424.0,2425.0
2018-07-23,501,2425.0,2425.0,2425.0,2425.0
2018-07-25,502,2425.0,2425.0,2425.0,2425.0
2018-07-30,503,2410.0,2410.0,2410.0,2410.0
2018-07-31,504,2410.0,2410.0,2410.0,2410.0
2018-08-01,505,2450.0,2450.0,2450.0,2450.0
2018-08-02,506,2450.0,2450.0,2450.0,2450.0
2018-08-07,507,2402.0,2402.0,2401.0,2401.0
2018-08-08,508,2410.0,2410.0,2400.0,2400.0
2018-08-09,509,2400.0,2400.0,2400.0,2400.0
2018-08-10,510,2400.0,2400.0,2399.0,2399.0
2018-08-13,511,2399.0,2399.0,2399.0,2399.0
2018-08-15,512,2400.0,2400.0,2400.0,2400.0
2018-08-16,513,2399.0,2399.0,2399.0,2399.0
2018-08-17,514,2400.0,2400.0,2400.0,2400.0
2018-08-20,515,2360.0,2360.0,2360.0,2360.0
2018-08-21,516,2300.0,2300.0,2201.0,2201.0
2018-08-22,517,2390.0,2390.0,2390.0,2390.0
2018-08-23,518,2400.0,2400.0,2350.0,2350.0
2018-08-24,519,2400.0,2400.0,2400.0,2400.0
2018-08-27,520,2370.0,2370.0,2370.0,2370.0
2018-08-28,521,2370.0,2370.0,2370.0,2370.0
2018-08-29,522,2400.0,2449.0,2400.0,2448.0
2018-08-30,523,2449.0,2449.0,2449.0,2449.0
2018-08-31,524,2450.0,2450.0,2450.0,2450.0
2018-09-07,525,2401.0,2401.0,2401.0,2401.0
2018-09-10,526,2380.0,2380.0,2380.0,2380.0
2018-09-11,527,2360.0,2360.0,2360.0,2360.0
2018-09-12,528,2399.0,2399.0,2399.0,2399.0
2018-09-14,529,2360.0,2360.0,2300.0,2300.0
2018-09-17,530,2300.0,2300.0,2300.0,2300.0
2018-09-19,531,2300.0,2300.0,2260.0,2260.0
2018-09-20,532,2330.0,2335.0,2330.0,2330.0
2018-09-21,533,2331.0,2331.0,2300.0,2300.0
2018-09-24,534,2300.0,2300.0,2300.0,2300.0
2018-09-25,535,2300.0,2300.0,2300.0,2300.0
2018-09-26,536,2300.0,2300.0,2300.0,2300.0
2018-09-27,537,2350.0,2369.0,2350.0,2369.0
2018-09-28,538,2352.0,2400.0,2352.0,2366.0
2018-10-01,539,2300.0,2300.0,2261.0,2300.0
2018-10-02,540,2300.0,2301.0,2300.0,2300.0
2018-10-03,541,2300.0,2300.0,2290.0,2290.0
2018-10-04,542,2266.0,2266.0,2266.0,2266.0
2018-10-05,543,2300.0,2300.0,2300.0,2300.0
2018-10-08,544,2330.0,2330.0,2330.0,2330.0
2018-10-09,545,2330.0,2330.0,2330.0,2330.0
2018-10-10,546,2299.0,2299.0,2299.0,2299.0
2018-10-11,547,2299.0,2299.0,2299.0,2299.0
2018-10-18,548,2300.0,2365.0,2300.0,2365.0
2018-10-19,549,2300.0,2300.0,2300.0,2300.0
2018-10-22,550,2401.0,2473.0,2401.0,2473.0
2018-10-23,551,2473.0,2473.0,2473.0,2473.0
2018-10-24,552,2451.0,2626.0,2450.0,2500.0
2018-10-25,553,2451.0,2451.0,2451.0,2451.0
2018-10-26,554,2451.0,2451.0,2451.0,2451.0
2018-10-29,555,2401.0,2401.0,2400.0,2400.0
2018-10-31,556,2450.0,2450.0,2450.0,2450.0
2018-11-07,557,2400.0,2400.0,2351.0,2351.0
2018-11-08,558,2362.0,2400.0,2350.0,2400.0
2018-11-13,559,2400.0,2400.0,2400.0,2400.0
2018-11-15,560,2328.0,2328.0,2328.0,2328.0
2018-11-16,561,2328.0,2328.0,2328.0,2328.0
2018-11-19,562,2301.0,2301.0,2301.0,2301.0
2018-11-20,563,2301.0,2301.0,2301.0,2301.0
2018-12-04,564,2299.0,2300.0,2299.0,2300.0
2018-12-11,565,2231.0,2231.0,2231.0,2231.0
2018-12-12,566,2300.0,2300.0,2300.0,2300.0
2018-12-19,567,2117.0,2117.0,2117.0,2117.0
2018-12-20,568,2117.0,2117.0,2117.0,2117.0
2018-12-27,569,2100.0,2100.0,2100.0,2100.0
2018-12-28,570,2100.0,2100.0,2100.0,2100.0
2019-01-04,571,2100.0,2100.0,2100.0,2100.0
2019-01-08,572,2100.0,2100.0,2100.0,2100.0
2019-01-09,573,2163.0,2163.0,2163.0,2163.0
2019-01-10,574,2160.0,2160.0,2100.0,2100.0
2019-01-14,575,2100.0,2100.0,2099.0,2100.0
2019-01-16,576,2100.0,2100.0,2037.0,2100.0
2019-01-18,577,2145.0,2145.0,2145.0,2145.0
2019-01-22,578,2209.0,2209.0,2209.0,2209.0
2019-01-23,579,2200.0,2200.0,2143.0,2143.0
2019-01-24,580,2220.0,2220.0,2220.0,2220.0
2019-01-25,581,2200.0,2250.0,2200.0,2250.0
2019-01-30,582,2201.0,2201.0,2200.0,2200.0
2019-01-31,583,2235.0,2235.0,2235.0,2235.0
2019-02-01,584,2235.0,2235.0,2235.0,2235.0
2019-02-04,585,2234.0,2235.0,2234.0,2235.0
2019-02-06,586,2215.0,2215.0,2215.0,2215.0
2019-02-07,587,2215.0,2215.0,2215.0,2215.0
2019-02-13,588,2200.0,2220.0,2200.0,2220.0
2019-02-15,589,2220.0,2220.0,2220.0,2220.0
2019-02-19,590,2200.0,2286.0,2200.0,2286.0
2019-02-20,591,2286.0,2286.0,2285.0,2286.0
2019-02-21,592,2300.0,2300.0,2300.0,2300.0
2019-02-22,593,2300.0,2306.0,2300.0,2300.0
2019-02-25,594,2349.0,2349.0,2349.0,2349.0
2019-02-26,595,2349.0,2354.0,2349.0,2350.0
2019-02-27,596,2301.0,2302.0,2300.0,2302.0
2019-02-28,597,2302.0,2302.0,2302.0,2302.0
2019-03-01,598,2300.0,2305.0,2300.0,2300.0
2019-03-04,599,2370.0,2371.0,2368.0,2371.0
2019-03-05,600,2350.0,2370.0,2350.0,2370.0
2019-03-13,601,2300.0,2300.0,2300.0,2300.0
2019-03-15,602,2350.0,2350.0,2350.0,2350.0
2019-03-18,603,2350.0,2350.0,2350.0,2350.0
2019-03-19,604,2301.0,2301.0,2300.0,2300.0
2019-03-22,605,2300.0,2301.0,2300.0,2301.0
2019-03-25,606,2301.0,2320.0,2301.0,2320.0
2019-03-26,607,2320.0,2350.0,2320.0,2350.0
2019-03-27,608,2350.0,2350.0,2350.0,2350.0
2019-04-02,609,2330.0,2330.0,2330.0,2330.0
2019-04-08,610,2300.0,2300.0,2300.0,2300.0
2019-04-09,611,2300.0,2300.0,2300.0,2300.0
2019-04-10,612,2300.0,2310.0,2298.0,2298.0
2019-04-11,613,2298.0,2298.0,2298.0,2298.0
2019-04-15,614,2300.0,2300.0,2300.0,2300.0
2019-04-16,615,2299.0,2299.0,2299.0,2299.0
2019-04-18,616,2251.0,2251.0,2251.0,2251.0
2019-04-22,617,2298.0,2298.0,2298.0,2298.0
2019-04-23,618,2262.0,2262.0,2262.0,2262.0
2019-04-24,619,2262.0,2262.0,2262.0,2262.0
2019-05-06,620,2280.0,2280.0,2280.0,2280.0
2019-05-07,621,2290.0,2300.0,2290.0,2300.0
2019-05-15,622,2275.0,2275.0,2275.0,2275.0
2019-05-16,623,2300.0,2300.0,2230.0,2250.0
2019-05-17,624,2280.0,2280.0,2250.0,2250.0
2019-05-20,625,2280.0,2280.0,2280.0,2280.0
2019-05-21,626,2280.0,2280.0,2280.0,2280.0
2019-05-22,627,2249.0,2290.0,2249.0,2290.0
2019-05-23,628,2288.0,2289.0,2288.0,2289.0
2019-05-24,629,2289.0,2289.0,2289.0,2289.0
2019-05-28,630,2207.0,2207.0,2207.0,2207.0
2019-05-30,631,2210.0,2210.0,2210.0,2210.0
2019-05-31,632,2210.0,2210.0,2210.0,2210.0
2019-06-07,633,2200.0,2200.0,2200.0,2200.0
2019-06-18,634,2130.0,2130.0,2130.0,2130.0
2019-06-19,635,2130.0,2130.0,2130.0,2130.0
2019-06-20,636,2067.0,2068.0,2067.0,2067.0
2019-06-21,637,2067.0,2067.0,2067.0,2067.0
2019-06-24,638,2090.0,2090.0,2090.0,2090.0
2019-06-25,639,2090.0,2090.0,2090.0,2090.0
2019-06-26,640,2090.0,2090.0,2090.0,2090.0
2019-06-27,641,2150.0,2150.0,2150.0,2150.0
2019-06-28,642,2200.0,2200.0,2200.0,2200.0
2019-07-08,643,2150.0,2150.0,2150.0,2150.0
2019-07-09,644,2150.0,2150.0,2150.0,2150.0
2019-07-12,645,2150.0,2150.0,2150.0,2150.0
2019-07-16,646,2102.0,2102.0,2100.0,2100.0
2019-07-17,647,2100.0,2100.0,2100.0,2100.0
2019-07-18,648,2100.0,2101.0,2100.0,2100.0
2019-07-22,649,2080.0,2080.0,2070.0,2070.0
2019-07-23,650,2070.0,2070.0,2070.0,2070.0
2019-07-24,651,2100.0,2100.0,2100.0,2100.0
2019-07-26,652,2100.0,2100.0,2100.0,2100.0
2019-07-29,653,2100.0,2100.0,2100.0,2100.0
2019-07-30,654,2160.0,2300.0,2160.0,2290.0
2019-07-31,655,2290.0,2290.0,2250.0,2250.0
2019-08-05,656,2250.0,2250.0,2250.0,2250.0
2019-08-06,657,2270.0,2299.0,2270.0,2299.0
2019-08-07,658,2269.0,2270.0,2269.0,2270.0
2019-08-08,659,2270.0,2279.0,2270.0,2279.0
2019-08-09,660,2299.0,2300.0,2299.0,2300.0
2019-08-12,661,2341.0,2341.0,2341.0,2341.0
2019-08-13,662,2341.0,2341.0,2341.0,2341.0
2019-08-14,663,2271.0,2271.0,2271.0,2271.0
2019-08-15,664,2299.0,2300.0,2250.0,2250.0
2019-08-20,665,2297.0,2297.0,2250.0,2250.0
2019-08-22,666,2250.0,2250.0,2250.0,2250.0
2019-08-23,667,2250.0,2250.0,2250.0,2250.0
2019-08-27,668,2250.0,2250.0,2250.0,2250.0
2019-08-29,669,2250.0,2250.0,2250.0,2250.0
2019-09-04,670,2111.0,2111.0,2111.0,2111.0
2019-09-05,671,2111.0,2111.0,2111.0,2111.0
2019-09-10,672,2200.0,2200.0,2200.0,2200.0
2019-09-16,673,2200.0,2200.0,2200.0,2200.0
2019-09-23,674,2200.0,2200.0,2200.0,2200.0
2019-09-24,675,2200.0,2200.0,2180.0,2180.0
2019-09-25,676,2180.0,2180.0,2180.0,2180.0
2019-10-01,677,2180.0,2180.0,2180.0,2180.0
2019-10-02,678,2230.0,2230.0,2230.0,2230.0
2019-10-03,679,2230.0,2230.0,2230.0,2230.0
2019-10-04,680,2200.0,2200.0,2200.0,2200.0
2019-10-07,681,2200.0,2200.0,2200.0,2200.0
2019-10-08,682,2200.0,2250.0,2200.0,2250.0
2019-10-09,683,2276.0,2355.0,2276.0,2355.0
2019-10-10,684,2355.0,2355.0,2355.0,2355.0
2019-10-14,685,2250.0,2250.0,2250.0,2250.0
2019-10-15,686,2250.0,2310.0,2250.0,2310.0
2019-10-16,687,2310.0,2310.0,2310.0,2310.0
2019-10-17,688,2189.0,2189.0,2189.0,2189.0
2019-10-18,689,2151.0,2152.0,2150.0,2150.0
2019-10-25,690,2150.0,2150.0,2150.0,2150.0
2019-10-28,691,2150.0,2150.0,2150.0,2150.0
2019-10-30,692,2150.0,2150.0,2150.0,2150.0
2019-10-31,693,2150.0,2150.0,2150.0,2150.0
2019-11-08,694,2296.0,2296.0,2296.0,2296.0
2019-11-11,695,2340.0,2350.0,2340.0,2350.0
2019-11-20,696,2300.0,2300.0,2300.0,2300.0
2019-11-22,697,2300.0,2300.0,2300.0,2300.0
2019-11-25,698,2251.0,2251.0,2251.0,2251.0
2019-11-26,699,2250.0,2250.0,2250.0,2250.0
2019-12-02,700,2300.0,2300.0,2300.0,2300.0
2019-12-04,701,2300.0,2300.0,2300.0,2300.0
2019-12-05,702,2300.0,2300.0,2300.0,2300.0
2019-12-06,703,2300.0,2389.0,2300.0,2389.0
2019-12-09,704,2389.0,2389.0,2389.0,2389.0
2019-12-10,705,2350.0,2365.0,2350.0,2365.0
2019-12-11,706,2365.0,2365.0,2365.0,2365.0
2019-12-12,707,2360.0,2360.0,2360.0,2360.0
2019-12-13,708,2390.0,2390.0,2390.0,2390.0
2019-12-16,709,2400.0,2400.0,2400.0,2400.0
2019-12-17,710,2400.0,2400.0,2400.0,2400.0
2019-12-19,711,2250.0,2250.0,2210.0,2250.0
2019-12-20,712,2250.0,2308.0,2250.0,2308.0
2019-12-23,713,2449.0,2449.0,2449.0,2449.0
2019-12-24,714,2449.0,2449.0,2449.0,2449.0
2020-01-13,715,2390.0,2449.0,2390.0,2449.0
2020-01-14,716,2500.0,2500.0,2500.0,2500.0
2020-01-15,717,2570.0,2570.0,2570.0,2570.0
2020-01-16,718,2390.0,2390.0,2390.0,2390.0
2020-01-17,719,2390.0,2390.0,2390.0,2390.0
2020-01-21,720,2320.0,2320.0,2320.0,2320.0
2020-01-22,721,2450.0,2450.0,2450.0,2450.0
2020-02-05,722,2400.0,2400.0,2400.0,2400.0
2020-02-06,723,2400.0,2400.0,2400.0,2400.0
2020-02-07,724,2400.0,2400.0,2400.0,2400.0
2020-02-10,725,2291.0,2291.0,2291.0,2291.0
2020-02-11,726,2290.0,2290.0,2290.0,2290.0
2020-02-12,727,2290.0,2290.0,2290.0,2290.0
2020-02-13,728,2290.0,2290.0,2240.0,2240.0
2020-02-14,729,2240.0,2240.0,2240.0,2240.0
2020-02-19,730,2221.0,2221.0,2221.0,2221.0
2020-02-20,731,2221.0,2221.0,2221.0,2221.0
2020-02-21,732,2200.0,2200.0,2200.0,2200.0
2020-02-24,733,2200.0,2200.0,2200.0,2200.0
2020-02-25,734,2200.0,2200.0,2200.0,2200.0
2020-02-26,735,2199.0,2200.0,2199.0,2200.0
2020-02-27,736,2200.0,2200.0,2200.0,2200.0
2020-03-03,737,2200.0,2299.0,2150.0,2299.0
2020-03-05,738,2252.0,2252.0,2250.0,2250.0
2020-03-06,739,2300.0,2300.0,2290.0,2298.0
2020-03-09,740,2197.0,2197.0,2132.0,2132.0
2020-03-10,741,2132.0,2132.0,2132.0,2132.0
2020-03-11,742,2150.0,2150.0,2090.0,2150.0
2020-03-12,743,1950.0,1950.0,1950.0,1950.0
2020-03-13,744,2000.0,2000.0,2000.0,2000.0
2020-03-16,745,2000.0,2000.0,2000.0,2000.0
2020-03-17,746,1900.0,1900.0,1900.0,1900.0
2020-03-18,747,1805.0,1805.0,1805.0,1805.0
2020-03-19,748,1715.0,1715.0,1715.0,1715.0
2020-03-20,749,1740.0,1740.0,1630.0,1630.0
2020-03-23,750,1608.0,1608.0,1608.0,1608.0
2020-03-24,751,1550.0,1551.0,1550.0,1550.0
2020-03-25,752,1620.0,1626.0,1620.0,1620.0
2020-03-26,753,1782.0,1782.0,1782.0,1782.0
2020-03-27,754,1782.0,1782.0,1782.0,1782.0
2020-03-31,755,1811.0,1959.0,1811.0,1959.0
2020-04-01,756,1959.0,1959.0,1959.0,1959.0
2020-04-07,757,1885.0,1885.0,1885.0,1885.0
2020-04-08,758,1830.0,1830.0,1800.0,1800.0
2020-04-09,759,1830.0,1830.0,1830.0,1830.0
2020-04-13,760,1800.0,1800.0,1800.0,1800.0
2020-04-16,761,1800.0,1800.0,1800.0,1800.0
2020-04-21,762,1800.0,1800.0,1800.0,1800.0
2020-04-22,763,1854.0,1854.0,1854.0,1854.0
2020-04-23,764,1900.0,1900.0,1900.0,1900.0
2020-04-27,765,1950.0,1950.0,1950.0,1950.0
2020-04-28,766,1950.0,1950.0,1950.0,1950.0
2020-04-29,767,1950.0,1950.0,1950.0,1950.0
2020-05-04,768,1900.0,1900.0,1900.0,1900.0
2020-05-05,769,1957.0,1957.0,1957.0,1957.0
2020-05-06,770,1957.0,1957.0,1957.0,1957.0
2020-05-12,771,2015.0,2015.0,2015.0,2015.0
2020-05-13,772,2015.0,2015.0,2015.0,2015.0
2020-05-15,773,2000.0,2000.0,2000.0,2000.0
2020-05-19,774,1980.0,2000.0,1980.0,2000.0
2020-05-20,775,2000.0,2000.0,2000.0,2000.0
2020-05-22,776,2021.0,2021.0,2021.0,2021.0
2020-05-26,777,2021.0,2021.0,2021.0,2021.0
2020-05-27,778,2080.0,2089.0,2050.0,2089.0
2020-05-28,779,2089.0,2089.0,2089.0,2089.0
2020-05-29,780,2076.0,2076.0,2075.0,2075.0
2020-06-01,781,2075.0,2075.0,2075.0,2075.0
2020-06-04,782,2015.0,2015.0,2015.0,2015.0
2020-06-11,783,2015.0,2015.0,2015.0,2015.0
2020-06-16,784,2000.0,2000.0,1999.0,2000.0
2020-06-17,785,2000.0,2000.0,2000.0,2000.0
2020-06-19,786,2000.0,2000.0,2000.0,2000.0
2020-06-22,787,2000.0,2000.0,2000.0,2000.0
2020-06-23,788,0.04050000011920929,0.04050000011920929,0.04050000011920929,0.04050000011920929
2020-06-26,789,2010.0,2010.0,2000.0,2000.0
2020-06-30,790,2060.0,2060.0,2060.0,2060.0
2020-07-01,791,2060.0,2060.0,2060.0,2060.0
2020-07-06,792,2200.0,2200.0,2200.0,2200.0
2020-07-07,793,2200.0,2200.0,2200.0,2200.0
2020-07-08,794,2250.0,2250.0,2250.0,2250.0
2020-07-21,795,2200.0,2200.0,2200.0,2200.0
2020-07-22,796,2248.0,2248.0,2248.0,2248.0
2020-07-23,797,2248.0,2248.0,2248.0,2248.0
2020-07-28,798,2200.0,2200.0,2200.0,2200.0
2020-07-30,799,2399.0,2399.0,2399.0,2399.0
2020-08-13,800,2200.0,2200.0,2200.0,2200.0
2020-08-14,801,2266.0,2266.0,2266.0,2266.0
2020-08-17,802,2300.0,2300.0,2299.0,2300.0
2020-08-18,803,2300.0,2300.0,2300.0,2300.0
2020-08-19,804,2449.0,2449.0,2400.0,2400.0
2020-09-03,805,2425.0,2425.0,2425.0,2425.0
2020-09-11,806,2399.0,2400.0,2399.0,2400.0
2020-09-14,807,2399.0,2400.0,2399.0,2400.0
2020-09-18,808,2401.0,2401.0,2400.0,2400.0
2020-09-23,809,2400.0,2400.0,2400.0,2400.0
2020-09-25,810,2400.0,2400.0,2400.0,2400.0
2020-10-01,811,2390.0,2450.0,2390.0,2450.0
2020-10-08,812,2400.0,2400.0,2400.0,2400.0
2020-10-15,813,2360.0,2395.0,2360.0,2395.0
2020-10-16,814,2395.0,2395.0,2395.0,2395.0
2020-10-22,815,2380.0,2380.0,2380.0,2380.0
2020-10-23,816,2380.0,2380.0,2380.0,2380.0
2020-10-28,817,2260.0,2260.0,2260.0,2260.0
2020-10-29,818,2260.0,2260.0,2260.0,2260.0
2020-11-03,819,2419.0,2450.0,2400.0,2450.0
2020-11-04,820,2420.0,2420.0,2420.0,2420.0
2020-11-05,821,2420.0,2420.0,2420.0,2420.0
2020-11-24,822,2420.0,2420.0,2420.0,2420.0
2020-11-27,823,2420.0,2420.0,2420.0,2420.0
2020-12-14,824,2451.0,2451.0,2350.0,2350.0
2020-12-21,825,2400.0,2400.0,2400.0,2400.0
2020-12-22,826,2401.0,2401.0,2400.0,2400.0
2020-12-23,827,2400.0,2400.0,2400.0,2400.0
2020-12-24,828,2400.0,2400.0,2400.0,2400.0
2020-12-28,829,2400.0,2400.0,2400.0,2400.0
2020-12-30,830,2400.0,2400.0,2400.0,2400.0
2021-01-04,831,2400.0,2400.0,2390.0,2390.0
2021-01-08,832,2499.0,2499.0,2499.0,2499.0
2021-01-11,833,2500.0,2500.0,2500.0,2500.0
2021-01-12,834,2571.0,2571.0,2550.0,2550.0
2021-01-13,835,2550.0,2550.0,2550.0,2550.0
2021-01-20,836,2530.0,2530.0,2530.0,2530.0
2021-01-21,837,2530.0,2530.0,2530.0,2530.0
2021-01-22,838,2530.0,2530.0,2530.0,2530.0
2021-02-04,839,2488.0,2488.0,2488.0,2488.0
2021-02-05,840,2559.0,2559.0,2559.0,2559.0
2021-02-08,841,2560.0,2600.0,2560.0,2600.0
2021-02-09,842,2600.0,2600.0,2600.0,2600.0
2021-02-16,843,2650.0,2650.0,2650.0,2650.0
2021-02-17,844,2650.0,2650.0,2650.0,2650.0
2021-02-22,845,2601.0,2601.0,2600.0,2600.0
2021-02-23,846,2600.0,2600.0,2600.0,2600.0
2021-02-25,847,2580.0,2580.0,2580.0,2580.0
2021-02-26,848,2522.0,2522.0,2522.0,2522.0
2021-03-01,849,2522.0,2522.0,2522.0,2522.0
2021-03-02,850,2600.0,2600.0,2600.0,2600.0
2021-03-03,851,2678.0,2678.0,2678.0,2678.0
2021-03-04,852,2690.0,2690.0,2690.0,2690.0
2021-03-05,853,2690.0,2690.0,2690.0,2690.0
2021-03-09,854,2610.0,2610.0,2599.0,2599.0
2021-03-10,855,2599.0,2599.0,2599.0,2599.0
2021-03-11,856,2550.0,2580.0,2550.0,2580.0
2021-03-12,857,2580.0,2580.0,2580.0,2580.0
2021-03-22,858,2500.0,2500.0,2500.0,2500.0
2021-03-26,859,2500.0,2590.0,2500.0,2580.0
2021-04-13,860,2580.0,2580.0,2580.0,2580.0
2021-05-05,861,2560.0,2560.0,2560.0,2560.0
2021-05-06,862,2560.0,2560.0,2560.0,2560.0
2021-05-13,863,0.035999998450279236,0.035999998450279236,0.035999998450279236,0.035999998450279236
2021-05-14,864,2550.0,2580.0,2550.0,2580.0
2021-05-17,865,2580.0,2600.0,2580.0,2600.0
2021-05-18,866,2600.0,2600.0,2599.0,2599.0
2021-05-19,867,2600.0,2650.0,2600.0,2650.0
2021-05-25,868,2649.0,2649.0,2648.0,2649.0
2021-05-27,869,2649.0,2700.0,2649.0,2700.0
2021-05-28,870,2655.0,2655.0,2601.0,2601.0
2021-06-01,871,2750.0,2750.0,2750.0,2750.0
2021-06-02,872,2889.0,2889.0,2889.0,2889.0
2021-06-03,873,2919.0,2920.0,2919.0,2920.0
2021-06-04,874,2920.0,2920.0,2920.0,2920.0
2021-06-15,875,2919.0,2919.0,2919.0,2919.0
2021-06-16,876,2919.0,2919.0,2919.0,2919.0
2021-07-08,877,2900.0,2900.0,2900.0,2900.0
2021-07-09,878,2900.0,2900.0,2900.0,2900.0
2021-08-05,879,2899.0,2899.0,2899.0,2899.0
2021-08-06,880,2899.0,2899.0,2899.0,2899.0
2021-08-17,881,2898.0,2899.0,2898.0,2899.0
2021-09-02,882,2896.0,2896.0,2896.0,2896.0
2021-09-03,883,2896.0,2896.0,2896.0,2896.0
2021-09-15,884,2877.0,2877.0,2877.0,2877.0
2021-09-16,885,2900.0,2900.0,2900.0,2900.0
2021-09-21,886,2813.0,2813.0,2813.0,2813.0
2021-09-22,887,2889.0,2889.0,2889.0,2889.0
2021-09-23,888,2889.0,2889.0,2889.0,2889.0
2021-10-21,889,2888.0,2888.0,2888.0,2888.0
2021-10-22,890,2880.0,2880.0,2880.0,2880.0
2021-10-25,891,2880.0,2880.0,2880.0,2880.0
